{
    "CompanyData": [
        {
            "No": 1,
            "Company": "People's United Financial",
            "Ticker": "PBCT",
            "DateOfFirstPurchase": 43951,
            "DateOfLastPurchase": 44552,
            "NumberOfSharesPurchased": 181,
            "TotalPurchasedPrice": 1892.5,
            "AveragePricePerShare": 10.455801104972375,
            "DateOfFirstSell": 44656,
            "DateOfLastSell": 44656,
            "TotalNumberOfSharesSold": 181,
            "PricePerShareLastSell": 0,
            "NetNumberOfShares": 0,
            "CurrentPrice_03082023": 14.81679389312977,
            "TotalDividends_21072023": 96.58999999999999,
            "RealizedCapitalGains_21072023": -1891.7200000000003,
            "UnrealizedCapitalGain_21072023": 0
        },
        {
            "No": 2,
            "Company": "National Grid",
            "Ticker": "NG",
            "DateOfFirstPurchase": 43955,
            "DateOfLastPurchase": 43955,
            "NumberOfSharesPurchased": 1,
            "TotalPurchasedPrice": 9.34,
            "AveragePricePerShare": 9.34,
            "DateOfFirstSell": 44167,
            "DateOfLastSell": 44167,
            "TotalNumberOfSharesSold": 1,
            "PricePerShareLastSell": 8.54,
            "NetNumberOfShares": 0,
            "CurrentPrice_03082023": 9.7772,
            "TotalDividends_21072023": 0.49,
            "RealizedCapitalGains_21072023": -0.76,
            "UnrealizedCapitalGain_21072023": 0
        },
        {
            "No": 3,
            "Company": "AT&T",
            "Ticker": "T",
            "DateOfFirstPurchase": 43955,
            "DateOfLastPurchase": 44295,
            "NumberOfSharesPurchased": 153.584,
            "TotalPurchasedPrice": 2560.0599999999995,
            "AveragePricePerShare": 16.668793624335866,
            "DateOfFirstSell": 44295,
            "DateOfLastSell": 44295,
            "TotalNumberOfSharesSold": 50.312000000000005,
            "PricePerShareLastSell": 21.85,
            "NetNumberOfShares": 103.27199999999999,
            "CurrentPrice_03082023": 11.094488188976378,
            "TotalDividends_21072023": 204.27,
            "RealizedCapitalGains_21072023": -44.48,
            "UnrealizedCapitalGain_21072023": -539.6500157480315
        },
        {
            "No": 4,
            "Company": "Meta Platforms",
            "Ticker": "META",
            "DateOfFirstPurchase": 43962,
            "DateOfLastPurchase": 44013,
            "NumberOfSharesPurchased": 12,
            "TotalPurchasedPrice": 2161.3,
            "AveragePricePerShare": 180.10833333333335,
            "DateOfFirstSell": 44243,
            "DateOfLastSell": 44243,
            "TotalNumberOfSharesSold": 12,
            "PricePerShareLastSell": 194.44,
            "NetNumberOfShares": 0,
            "CurrentPrice_03082023": 246.60629921259843,
            "TotalDividends_21072023": 0,
            "RealizedCapitalGains_21072023": 172.04,
            "UnrealizedCapitalGain_21072023": 0
        },
        {
            "No": 5,
            "Company": "Welltower",
            "Ticker": "WELL",
            "DateOfFirstPurchase": 43969,
            "DateOfLastPurchase": 45026,
            "NumberOfSharesPurchased": 129,
            "TotalPurchasedPrice": 7065.18,
            "AveragePricePerShare": 54.768837209302326,
            "DateOfFirstSell": 45026,
            "DateOfLastSell": 45026,
            "TotalNumberOfSharesSold": 58,
            "PricePerShareLastSell": 57.82,
            "NetNumberOfShares": 71,
            "CurrentPrice_03082023": 65.97637795275591,
            "TotalDividends_21072023": 176.90000000000003,
            "RealizedCapitalGains_21072023": 432.74,
            "UnrealizedCapitalGain_21072023": 543.1328346456705
        },
        {
            "No": 6,
            "Company": "Expedia",
            "Ticker": "EXPE",
            "DateOfFirstPurchase": 43980,
            "DateOfLastPurchase": 44424,
            "NumberOfSharesPurchased": 17,
            "TotalPurchasedPrice": 1192.16,
            "AveragePricePerShare": 70.12705882352941,
            "DateOfFirstSell": 44900,
            "DateOfLastSell": 44956,
            "TotalNumberOfSharesSold": 17,
            "PricePerShareLastSell": 93.55,
            "NetNumberOfShares": 0,
            "CurrentPrice_03082023": 77.69291338582677,
            "TotalDividends_21072023": 0,
            "RealizedCapitalGains_21072023": 238.29000000000002,
            "UnrealizedCapitalGain_21072023": 0
        },
        {
            "No": 7,
            "Company": "Cloudflare",
            "Ticker": "NET",
            "DateOfFirstPurchase": 43985,
            "DateOfLastPurchase": 44013,
            "NumberOfSharesPurchased": 58,
            "TotalPurchasedPrice": 1585.18,
            "AveragePricePerShare": 27.330689655172414,
            "DateOfFirstSell": null,
            "DateOfLastSell": null,
            "TotalNumberOfSharesSold": 0,
            "PricePerShareLastSell": 0,
            "NetNumberOfShares": 58,
            "CurrentPrice_03082023": 51.21259842519685,
            "TotalDividends_21072023": 0,
            "RealizedCapitalGains_21072023": 0,
            "UnrealizedCapitalGain_21072023": 1385.1507086614172
        },
        {
            "No": 8,
            "Company": "Broadcom",
            "Ticker": "AVGO",
            "DateOfFirstPurchase": 43987,
            "DateOfLastPurchase": 44565,
            "NumberOfSharesPurchased": 10,
            "TotalPurchasedPrice": 2950.08,
            "AveragePricePerShare": 295.008,
            "DateOfFirstSell": null,
            "DateOfLastSell": null,
            "TotalNumberOfSharesSold": 0,
            "PricePerShareLastSell": 0,
            "NetNumberOfShares": 10,
            "CurrentPrice_03082023": 696.8346456692914,
            "TotalDividends_21072023": 300.18,
            "RealizedCapitalGains_21072023": 0,
            "UnrealizedCapitalGain_21072023": 4018.266456692915
        },
        {
            "No": 9,
            "Company": "Alphabet (Class A)",
            "Ticker": "GOOGL",
            "DateOfFirstPurchase": 44012,
            "DateOfLastPurchase": 44012,
            "NumberOfSharesPurchased": 20,
            "TotalPurchasedPrice": 1134.57,
            "AveragePricePerShare": 56.7285,
            "DateOfFirstSell": null,
            "DateOfLastSell": null,
            "TotalNumberOfSharesSold": 0,
            "PricePerShareLastSell": 0,
            "NetNumberOfShares": 20,
            "CurrentPrice_03082023": 101.14173228346456,
            "TotalDividends_21072023": 0,
            "RealizedCapitalGains_21072023": 0,
            "UnrealizedCapitalGain_21072023": 888.2646456692912
        },
        {
            "No": 10,
            "Company": "Qualcomm",
            "Ticker": "QCOM",
            "DateOfFirstPurchase": 44012,
            "DateOfLastPurchase": 44862,
            "NumberOfSharesPurchased": 37,
            "TotalPurchasedPrice": 3239.47,
            "AveragePricePerShare": 87.55324324324324,
            "DateOfFirstSell": null,
            "DateOfLastSell": null,
            "TotalNumberOfSharesSold": 0,
            "PricePerShareLastSell": 0,
            "NetNumberOfShares": 37,
            "CurrentPrice_03082023": 93.46456692913385,
            "TotalDividends_21072023": 163,
            "RealizedCapitalGains_21072023": 0,
            "UnrealizedCapitalGain_21072023": 218.71897637795308
        },
        {
            "No": 11,
            "Company": "Fastly",
            "Ticker": "FSLY",
            "DateOfFirstPurchase": 44012,
            "DateOfLastPurchase": 44299,
            "NumberOfSharesPurchased": 32,
            "TotalPurchasedPrice": 1882.6,
            "AveragePricePerShare": 58.83125,
            "DateOfFirstSell": 44299,
            "DateOfLastSell": 44299,
            "TotalNumberOfSharesSold": 16,
            "PricePerShareLastSell": 50.62,
            "NetNumberOfShares": 16,
            "CurrentPrice_03082023": 15.937007874015746,
            "TotalDividends_21072023": 0,
            "RealizedCapitalGains_21072023": -266.68,
            "UnrealizedCapitalGain_21072023": -550.9678740157481
        },
        {
            "No": 12,
            "Company": "Apple",
            "Ticker": "AAPL",
            "DateOfFirstPurchase": 44013,
            "DateOfLastPurchase": 44659,
            "NumberOfSharesPurchased": 37,
            "TotalPurchasedPrice": 3542.33,
            "AveragePricePerShare": 95.73864864864865,
            "DateOfFirstSell": null,
            "DateOfLastSell": null,
            "TotalNumberOfSharesSold": 0,
            "PricePerShareLastSell": 0,
            "NetNumberOfShares": 37,
            "CurrentPrice_03082023": 150.5275590551181,
            "TotalDividends_21072023": 53.13999999999999,
            "RealizedCapitalGains_21072023": 0,
            "UnrealizedCapitalGain_21072023": 2027.18968503937
        },
        {
            "No": 13,
            "Company": "Livongo",
            "Ticker": "LVGO",
            "DateOfFirstPurchase": 44021,
            "DateOfLastPurchase": 44043,
            "NumberOfSharesPurchased": 8.5,
            "TotalPurchasedPrice": 754.88,
            "AveragePricePerShare": 88.80941176470589,
            "DateOfFirstSell": null,
            "DateOfLastSell": null,
            "TotalNumberOfSharesSold": 0,
            "PricePerShareLastSell": 0,
            "NetNumberOfShares": 8.5,
            "CurrentPrice_03082023": 106.59701037217818,
            "TotalDividends_21072023": 46.39,
            "RealizedCapitalGains_21072023": 0,
            "UnrealizedCapitalGain_21072023": 151.19458816351454
        },
        {
            "No": 14,
            "Company": "Netflix",
            "Ticker": "NFLX",
            "DateOfFirstPurchase": 44043,
            "DateOfLastPurchase": 44071,
            "NumberOfSharesPurchased": 0.8,
            "TotalPurchasedPrice": 308.74,
            "AveragePricePerShare": 385.925,
            "DateOfFirstSell": 44188,
            "DateOfLastSell": 44188,
            "TotalNumberOfSharesSold": 0.8,
            "PricePerShareLastSell": 387.82,
            "NetNumberOfShares": 0,
            "CurrentPrice_03082023": 339.37007874015745,
            "TotalDividends_21072023": 0,
            "RealizedCapitalGains_21072023": 1.51,
            "UnrealizedCapitalGain_21072023": 0
        },
        {
            "No": 15,
            "Company": "SolarEdge Technologies",
            "Ticker": "SEDG",
            "DateOfFirstPurchase": 44056,
            "DateOfLastPurchase": 44307,
            "NumberOfSharesPurchased": 8,
            "TotalPurchasedPrice": 1405.13,
            "AveragePricePerShare": 175.64125,
            "DateOfFirstSell": 44307,
            "DateOfLastSell": 44874,
            "TotalNumberOfSharesSold": 8,
            "PricePerShareLastSell": 230.72,
            "NetNumberOfShares": 0,
            "CurrentPrice_03082023": 149.44094488188975,
            "TotalDividends_21072023": 0,
            "RealizedCapitalGains_21072023": 214.83,
            "UnrealizedCapitalGain_21072023": 0
        },
        {
            "No": 16,
            "Company": "Gladstone Commercial",
            "Ticker": "GOOD",
            "DateOfFirstPurchase": 44071,
            "DateOfLastPurchase": 45026,
            "NumberOfSharesPurchased": 438,
            "TotalPurchasedPrice": 5705.72,
            "AveragePricePerShare": 13.02675799086758,
            "DateOfFirstSell": 45026,
            "DateOfLastSell": 45026,
            "TotalNumberOfSharesSold": 133,
            "PricePerShareLastSell": 10.11,
            "NetNumberOfShares": 305,
            "CurrentPrice_03082023": 10.433070866141732,
            "TotalDividends_21072023": 454.19,
            "RealizedCapitalGains_21072023": -466.44,
            "UnrealizedCapitalGain_21072023": -710.1133858267718
        },
        {
            "No": 17,
            "Company": "NextEra Energy",
            "Ticker": "NEE",
            "DateOfFirstPurchase": 44089,
            "DateOfLastPurchase": 45124,
            "NumberOfSharesPurchased": 87,
            "TotalPurchasedPrice": 4990.29,
            "AveragePricePerShare": 57.359655172413795,
            "DateOfFirstSell": 44295,
            "DateOfLastSell": 44295,
            "TotalNumberOfSharesSold": 42,
            "PricePerShareLastSell": 56.75,
            "NetNumberOfShares": 45,
            "CurrentPrice_03082023": 55.196850393700785,
            "TotalDividends_21072023": 125.98999999999998,
            "RealizedCapitalGains_21072023": -49.79,
            "UnrealizedCapitalGain_21072023": -73.25173228346462
        },
        {
            "No": 18,
            "Company": "Snowflake",
            "Ticker": "SNOW",
            "DateOfFirstPurchase": 44090,
            "DateOfLastPurchase": 44090,
            "NumberOfSharesPurchased": 2,
            "TotalPurchasedPrice": 410.64,
            "AveragePricePerShare": 205.32,
            "DateOfFirstSell": 44249,
            "DateOfLastSell": 44249,
            "TotalNumberOfSharesSold": 2,
            "PricePerShareLastSell": 203.76,
            "NetNumberOfShares": 0,
            "CurrentPrice_03082023": 126.81102362204724,
            "TotalDividends_21072023": 0,
            "RealizedCapitalGains_21072023": -3.11,
            "UnrealizedCapitalGain_21072023": 0
        },
        {
            "No": 19,
            "Company": "Hannon Armstrong Sustainable Infrastructure Capital",
            "Ticker": "HASI",
            "DateOfFirstPurchase": 44103,
            "DateOfLastPurchase": 44963,
            "NumberOfSharesPurchased": 179,
            "TotalPurchasedPrice": 6292.47,
            "AveragePricePerShare": 35.15346368715084,
            "DateOfFirstSell": 44662,
            "DateOfLastSell": 44662,
            "TotalNumberOfSharesSold": 44,
            "PricePerShareLastSell": 33.29,
            "NetNumberOfShares": 135,
            "CurrentPrice_03082023": 19.21259842519685,
            "TotalDividends_21072023": 247.44,
            "RealizedCapitalGains_21072023": -33.89,
            "UnrealizedCapitalGain_21072023": -2198.7792125984256
        },
        {
            "No": 20,
            "Company": "STORE Capital",
            "Ticker": "STOR",
            "DateOfFirstPurchase": 44110,
            "DateOfLastPurchase": 44712,
            "NumberOfSharesPurchased": 248,
            "TotalPurchasedPrice": 5703.88,
            "AveragePricePerShare": 22.99951612903226,
            "DateOfFirstSell": 44662,
            "DateOfLastSell": 44963,
            "TotalNumberOfSharesSold": 248,
            "PricePerShareLastSell": 26.75,
            "NetNumberOfShares": 0,
            "CurrentPrice_03082023": 26.433772396302057,
            "TotalDividends_21072023": 196.13,
            "RealizedCapitalGains_21072023": 537.58,
            "UnrealizedCapitalGain_21072023": 0
        },
        {
            "No": 21,
            "Company": "Clearway Energy",
            "Ticker": "CWEN",
            "DateOfFirstPurchase": 44112,
            "DateOfLastPurchase": 45113,
            "NumberOfSharesPurchased": 172,
            "TotalPurchasedPrice": 3898.68,
            "AveragePricePerShare": 22.66674418604651,
            "DateOfFirstSell": 44298,
            "DateOfLastSell": 44298,
            "TotalNumberOfSharesSold": 27,
            "PricePerShareLastSell": 20.81,
            "NetNumberOfShares": 145,
            "CurrentPrice_03082023": 19.425196850393704,
            "TotalDividends_21072023": 249.84000000000003,
            "RealizedCapitalGains_21072023": -38.67,
            "UnrealizedCapitalGain_21072023": -481.686456692913
        },
        {
            "No": 22,
            "Company": "American Tower",
            "Ticker": "AMT",
            "DateOfFirstPurchase": 44119,
            "DateOfLastPurchase": 45112,
            "NumberOfSharesPurchased": 38,
            "TotalPurchasedPrice": 6742.25,
            "AveragePricePerShare": 177.42763157894737,
            "DateOfFirstSell": 44293,
            "DateOfLastSell": 44662,
            "TotalNumberOfSharesSold": 13,
            "PricePerShareLastSell": 202.48,
            "NetNumberOfShares": 25,
            "CurrentPrice_03082023": 146.25984251968504,
            "TotalDividends_21072023": 135.16,
            "RealizedCapitalGains_21072023": 74.71,
            "UnrealizedCapitalGain_21072023": -731.893937007874
        },
        {
            "No": 23,
            "Company": "Digital Realty Trust",
            "Ticker": "DLR",
            "DateOfFirstPurchase": 44126,
            "DateOfLastPurchase": 45026,
            "NumberOfSharesPurchased": 92,
            "TotalPurchasedPrice": 8790.75,
            "AveragePricePerShare": 95.55163043478261,
            "DateOfFirstSell": 44298,
            "DateOfLastSell": 45026,
            "TotalNumberOfSharesSold": 37,
            "PricePerShareLastSell": 72.37,
            "NetNumberOfShares": 55,
            "CurrentPrice_03082023": 95.15748031496062,
            "TotalDividends_21072023": 242.90000000000003,
            "RealizedCapitalGains_21072023": -441.14,
            "UnrealizedCapitalGain_21072023": 245.36141732283477
        },
        {
            "No": 24,
            "Company": "Nike",
            "Ticker": "NKE",
            "DateOfFirstPurchase": 44132,
            "DateOfLastPurchase": 44662,
            "NumberOfSharesPurchased": 40,
            "TotalPurchasedPrice": 3875.54,
            "AveragePricePerShare": 96.8885,
            "DateOfFirstSell": 44305,
            "DateOfLastSell": 44662,
            "TotalNumberOfSharesSold": 20,
            "PricePerShareLastSell": 96.28,
            "NetNumberOfShares": 20,
            "CurrentPrice_03082023": 85.54330708661418,
            "TotalDividends_21072023": 42.529999999999994,
            "RealizedCapitalGains_21072023": -66.83,
            "UnrealizedCapitalGain_21072023": -195.92385826771658
        },
        {
            "No": 25,
            "Company": "Realty Income",
            "Ticker": "O",
            "DateOfFirstPurchase": 44141,
            "DateOfLastPurchase": 45117,
            "NumberOfSharesPurchased": 157.08,
            "TotalPurchasedPrice": 7473.74,
            "AveragePricePerShare": 47.579195314489425,
            "DateOfFirstSell": 45026,
            "DateOfLastSell": 45026,
            "TotalNumberOfSharesSold": 54,
            "PricePerShareLastSell": 50.18,
            "NetNumberOfShares": 103.08000000000001,
            "CurrentPrice_03082023": 46.330708661417326,
            "TotalDividends_21072023": 345.13,
            "RealizedCapitalGains_21072023": 157.43,
            "UnrealizedCapitalGain_21072023": -204.39192118364812
        },
        {
            "No": 26,
            "Company": "Hillenbrand",
            "Ticker": "HI",
            "DateOfFirstPurchase": 44151,
            "DateOfLastPurchase": 44679,
            "NumberOfSharesPurchased": 132,
            "TotalPurchasedPrice": 4185.67,
            "AveragePricePerShare": 31.709621212121213,
            "DateOfFirstSell": 44662,
            "DateOfLastSell": 44662,
            "TotalNumberOfSharesSold": 30,
            "PricePerShareLastSell": 32.16,
            "NetNumberOfShares": 102,
            "CurrentPrice_03082023": 37.952755905511815,
            "TotalDividends_21072023": 136.53,
            "RealizedCapitalGains_21072023": 39.94,
            "UnrealizedCapitalGain_21072023": 611.0511023622049
        },
        {
            "No": 27,
            "Company": "Silvergate Capital",
            "Ticker": "SICP",
            "DateOfFirstPurchase": 44151,
            "DateOfLastPurchase": 44188,
            "NumberOfSharesPurchased": 61,
            "TotalPurchasedPrice": 2120.25,
            "AveragePricePerShare": 34.75819672131148,
            "DateOfFirstSell": 44995,
            "DateOfLastSell": 44995,
            "TotalNumberOfSharesSold": 61,
            "PricePerShareLastSell": 2.61,
            "NetNumberOfShares": 0,
            "CurrentPrice_03082023": 0.25196850393700787,
            "TotalDividends_21072023": 0,
            "RealizedCapitalGains_21072023": -1960.77,
            "UnrealizedCapitalGain_21072023": 0
        },
        {
            "No": 28,
            "Company": "LTC Properties",
            "Ticker": "LTC",
            "DateOfFirstPurchase": 44154,
            "DateOfLastPurchase": 45113,
            "NumberOfSharesPurchased": 262,
            "TotalPurchasedPrice": 7265.72,
            "AveragePricePerShare": 27.73175572519084,
            "DateOfFirstSell": 44308,
            "DateOfLastSell": 45026,
            "TotalNumberOfSharesSold": 72,
            "PricePerShareLastSell": 27.58,
            "NetNumberOfShares": 190,
            "CurrentPrice_03082023": 26.519685039370078,
            "TotalDividends_21072023": 341.45,
            "RealizedCapitalGains_21072023": 107.08,
            "UnrealizedCapitalGain_21072023": -302.1098425196847
        },
        {
            "No": 29,
            "Company": "Simon Property",
            "Ticker": "SPG",
            "DateOfFirstPurchase": 44155,
            "DateOfLastPurchase": 45113,
            "NumberOfSharesPurchased": 74,
            "TotalPurchasedPrice": 6281.55,
            "AveragePricePerShare": 84.88581081081081,
            "DateOfFirstSell": 45026,
            "DateOfLastSell": 45026,
            "TotalNumberOfSharesSold": 19,
            "PricePerShareLastSell": 89.14,
            "NetNumberOfShares": 55,
            "CurrentPrice_03082023": 93.20472440944881,
            "TotalDividends_21072023": 363.80999999999995,
            "RealizedCapitalGains_21072023": 109.55,
            "UnrealizedCapitalGain_21072023": 431.28984251968416
        },
        {
            "No": 30,
            "Company": "PetMed Express",
            "Ticker": "PETS",
            "DateOfFirstPurchase": 44159,
            "DateOfLastPurchase": 44984,
            "NumberOfSharesPurchased": 270,
            "TotalPurchasedPrice": 5781.38,
            "AveragePricePerShare": 21.412518518518517,
            "DateOfFirstSell": 44305,
            "DateOfLastSell": 44662,
            "TotalNumberOfSharesSold": 80,
            "PricePerShareLastSell": 19.48,
            "NetNumberOfShares": 190,
            "CurrentPrice_03082023": 10.448818897637794,
            "TotalDividends_21072023": 255.75999999999996,
            "RealizedCapitalGains_21072023": -19.159999999999997,
            "UnrealizedCapitalGain_21072023": -2027.664409448819
        },
        {
            "No": 31,
            "Company": "AbbVie",
            "Ticker": "ABBV",
            "DateOfFirstPurchase": 44162,
            "DateOfLastPurchase": 45126,
            "NumberOfSharesPurchased": 48,
            "TotalPurchasedPrice": 4168.81,
            "AveragePricePerShare": 86.85020833333334,
            "DateOfFirstSell": 44292,
            "DateOfLastSell": 44292,
            "TotalNumberOfSharesSold": 6,
            "PricePerShareLastSell": 76.2,
            "NetNumberOfShares": 42,
            "CurrentPrice_03082023": 117.36220472440945,
            "TotalDividends_21072023": 238.56999999999996,
            "RealizedCapitalGains_21072023": -18.19,
            "UnrealizedCapitalGain_21072023": 1235.772598425197
        },
        {
            "No": 32,
            "Company": "American States Water",
            "Ticker": "AWR",
            "DateOfFirstPurchase": 44179,
            "DateOfLastPurchase": 44662,
            "NumberOfSharesPurchased": 42,
            "TotalPurchasedPrice": 2433.2,
            "AveragePricePerShare": 57.93333333333333,
            "DateOfFirstSell": 44294,
            "DateOfLastSell": 44662,
            "TotalNumberOfSharesSold": 11,
            "PricePerShareLastSell": 68.18,
            "NetNumberOfShares": 31,
            "CurrentPrice_03082023": 67.66141732283465,
            "TotalDividends_21072023": 69.32,
            "RealizedCapitalGains_21072023": 0.5,
            "UnrealizedCapitalGain_21072023": 316.4639370078744
        },
        {
            "No": 33,
            "Company": "Annaly Capital Management",
            "Ticker": "NLY",
            "DateOfFirstPurchase": 44179,
            "DateOfLastPurchase": 45026,
            "NumberOfSharesPurchased": 330.5,
            "TotalPurchasedPrice": 6746.65,
            "AveragePricePerShare": 20.41346444780635,
            "DateOfFirstSell": 44306,
            "DateOfLastSell": 45112,
            "TotalNumberOfSharesSold": 330.5,
            "PricePerShareLastSell": 15.38,
            "NetNumberOfShares": 0,
            "CurrentPrice_03082023": 15.30708661417323,
            "TotalDividends_21072023": 590.41,
            "RealizedCapitalGains_21072023": -1276.42,
            "UnrealizedCapitalGain_21072023": 0
        },
        {
            "No": 34,
            "Company": "Merck & Co",
            "Ticker": "MRK",
            "DateOfFirstPurchase": 44179,
            "DateOfLastPurchase": 44679,
            "NumberOfSharesPurchased": 55.73,
            "TotalPurchasedPrice": 3021.39,
            "AveragePricePerShare": 54.21478557329984,
            "DateOfFirstSell": 44299,
            "DateOfLastSell": 44299,
            "TotalNumberOfSharesSold": 8.384,
            "PricePerShareLastSell": 55.66,
            "NetNumberOfShares": 47.346,
            "CurrentPrice_03082023": 83.25196850393701,
            "TotalDividends_21072023": 244.60000000000002,
            "RealizedCapitalGains_21072023": -2.77,
            "UnrealizedCapitalGain_21072023": 1368.2777007874008
        },
        {
            "No": 35,
            "Company": "Waste Management",
            "Ticker": "WM",
            "DateOfFirstPurchase": 44179,
            "DateOfLastPurchase": 44581,
            "NumberOfSharesPurchased": 20,
            "TotalPurchasedPrice": 1825.59,
            "AveragePricePerShare": 91.2795,
            "DateOfFirstSell": null,
            "DateOfLastSell": null,
            "TotalNumberOfSharesSold": 0,
            "PricePerShareLastSell": 0,
            "NetNumberOfShares": 20,
            "CurrentPrice_03082023": 126.72440944881889,
            "TotalDividends_21072023": 78.74999999999999,
            "RealizedCapitalGains_21072023": 0,
            "UnrealizedCapitalGain_21072023": 708.8981889763775
        },
        {
            "No": 36,
            "Company": "Johnson & Johnson",
            "Ticker": "JNJ",
            "DateOfFirstPurchase": 44183,
            "DateOfLastPurchase": 44440,
            "NumberOfSharesPurchased": 15,
            "TotalPurchasedPrice": 1778.08,
            "AveragePricePerShare": 118.53866666666666,
            "DateOfFirstSell": null,
            "DateOfLastSell": null,
            "TotalNumberOfSharesSold": 0,
            "PricePerShareLastSell": 0,
            "NetNumberOfShares": 15,
            "CurrentPrice_03082023": 134.36220472440942,
            "TotalDividends_21072023": 103.79999999999998,
            "RealizedCapitalGains_21072023": 0,
            "UnrealizedCapitalGain_21072023": 237.3530708661412
        },
        {
            "No": 37,
            "Company": "Bit Digital",
            "Ticker": "BTBT",
            "DateOfFirstPurchase": 44196,
            "DateOfLastPurchase": 44200,
            "NumberOfSharesPurchased": 17,
            "TotalPurchasedPrice": 344.02,
            "AveragePricePerShare": 20.236470588235292,
            "DateOfFirstSell": 44237,
            "DateOfLastSell": 44237,
            "TotalNumberOfSharesSold": 17,
            "PricePerShareLastSell": 17.75,
            "NetNumberOfShares": 0,
            "CurrentPrice_03082023": 3.1023622047244093,
            "TotalDividends_21072023": 0,
            "RealizedCapitalGains_21072023": -42.36,
            "UnrealizedCapitalGain_21072023": 0
        },
        {
            "No": 38,
            "Company": "Riot Platforms",
            "Ticker": "RIOT",
            "DateOfFirstPurchase": 44200,
            "DateOfLastPurchase": 44302,
            "NumberOfSharesPurchased": 149,
            "TotalPurchasedPrice": 5013.59,
            "AveragePricePerShare": 33.64825503355705,
            "DateOfFirstSell": 44302,
            "DateOfLastSell": 44302,
            "TotalNumberOfSharesSold": 68,
            "PricePerShareLastSell": 31.36,
            "NetNumberOfShares": 81,
            "CurrentPrice_03082023": 14.023622047244093,
            "TotalDividends_21072023": 0,
            "RealizedCapitalGains_21072023": -102.43,
            "UnrealizedCapitalGain_21072023": -1642.4866141732284
        },
        {
            "No": 39,
            "Company": "Comcast",
            "Ticker": "CMCSA",
            "DateOfFirstPurchase": 44210,
            "DateOfLastPurchase": 44662,
            "NumberOfSharesPurchased": 78,
            "TotalPurchasedPrice": 3011.67,
            "AveragePricePerShare": 38.61115384615385,
            "DateOfFirstSell": 44300,
            "DateOfLastSell": 44662,
            "TotalNumberOfSharesSold": 28,
            "PricePerShareLastSell": 36.98,
            "NetNumberOfShares": 50,
            "CurrentPrice_03082023": 35.56692913385827,
            "TotalDividends_21072023": 74.28999999999999,
            "RealizedCapitalGains_21072023": -44.25,
            "UnrealizedCapitalGain_21072023": -126.62354330708672
        },
        {
            "No": 40,
            "Company": "Essential Utilities",
            "Ticker": "WTRG",
            "DateOfFirstPurchase": 44221,
            "DateOfLastPurchase": 44662,
            "NumberOfSharesPurchased": 100,
            "TotalPurchasedPrice": 3469.11,
            "AveragePricePerShare": 34.6911,
            "DateOfFirstSell": 44301,
            "DateOfLastSell": 44662,
            "TotalNumberOfSharesSold": 34,
            "PricePerShareLastSell": 39.55,
            "NetNumberOfShares": 66,
            "CurrentPrice_03082023": 32.17322834645669,
            "TotalDividends_21072023": 102.19000000000003,
            "RealizedCapitalGains_21072023": 144.05,
            "UnrealizedCapitalGain_21072023": -208.9369291338587
        },
        {
            "No": 41,
            "Company": "Honeywell International",
            "Ticker": "HON",
            "DateOfFirstPurchase": 44224,
            "DateOfLastPurchase": 44662,
            "NumberOfSharesPurchased": 22,
            "TotalPurchasedPrice": 3338.24,
            "AveragePricePerShare": 151.7381818181818,
            "DateOfFirstSell": 44301,
            "DateOfLastSell": 44662,
            "TotalNumberOfSharesSold": 7,
            "PricePerShareLastSell": 146.28,
            "NetNumberOfShares": 15,
            "CurrentPrice_03082023": 150.00787401574803,
            "TotalDividends_21072023": 86.55,
            "RealizedCapitalGains_21072023": -64.66,
            "UnrealizedCapitalGain_21072023": 22.00811023622066
        },
        {
            "No": 42,
            "Company": "Verizon Communications",
            "Ticker": "VZ",
            "DateOfFirstPurchase": 44224,
            "DateOfLastPurchase": 44662,
            "NumberOfSharesPurchased": 99,
            "TotalPurchasedPrice": 4043.44,
            "AveragePricePerShare": 40.842828282828286,
            "DateOfFirstSell": 44301,
            "DateOfLastSell": 44699,
            "TotalNumberOfSharesSold": 99,
            "PricePerShareLastSell": 39.36,
            "NetNumberOfShares": 0,
            "CurrentPrice_03082023": 26.031496062992126,
            "TotalDividends_21072023": 97.28,
            "RealizedCapitalGains_21072023": -50.53,
            "UnrealizedCapitalGain_21072023": 0
        },
        {
            "No": 43,
            "Company": "Visa",
            "Ticker": "V",
            "DateOfFirstPurchase": 44224,
            "DateOfLastPurchase": 44662,
            "NumberOfSharesPurchased": 14,
            "TotalPurchasedPrice": 2164.38,
            "AveragePricePerShare": 154.59857142857143,
            "DateOfFirstSell": 44308,
            "DateOfLastSell": 44769,
            "TotalNumberOfSharesSold": 14,
            "PricePerShareLastSell": 177.31,
            "NetNumberOfShares": 0,
            "CurrentPrice_03082023": 188,
            "TotalDividends_21072023": 12.350000000000001,
            "RealizedCapitalGains_21072023": 283.36,
            "UnrealizedCapitalGain_21072023": 0
        },
        {
            "No": 44,
            "Company": "Ecolab",
            "Ticker": "ECL",
            "DateOfFirstPurchase": 44228,
            "DateOfLastPurchase": 44662,
            "NumberOfSharesPurchased": 15,
            "TotalPurchasedPrice": 2261.72,
            "AveragePricePerShare": 150.78133333333332,
            "DateOfFirstSell": 44301,
            "DateOfLastSell": 44662,
            "TotalNumberOfSharesSold": 4,
            "PricePerShareLastSell": 139.61,
            "NetNumberOfShares": 11,
            "CurrentPrice_03082023": 142.90551181102362,
            "TotalDividends_21072023": 36.059999999999995,
            "RealizedCapitalGains_21072023": -11.62,
            "UnrealizedCapitalGain_21072023": -81.22937007874015
        },
        {
            "No": 45,
            "Company": "Medtronic",
            "Ticker": "MDT",
            "DateOfFirstPurchase": 44228,
            "DateOfLastPurchase": 44956,
            "NumberOfSharesPurchased": 38,
            "TotalPurchasedPrice": 3206.61,
            "AveragePricePerShare": 84.38447368421053,
            "DateOfFirstSell": 44662,
            "DateOfLastSell": 44662,
            "TotalNumberOfSharesSold": 11,
            "PricePerShareLastSell": 86.15,
            "NetNumberOfShares": 27,
            "CurrentPrice_03082023": 66.5275590551181,
            "TotalDividends_21072023": 87.23,
            "RealizedCapitalGains_21072023": 5.64,
            "UnrealizedCapitalGain_21072023": 0
        },
        {
            "No": 46,
            "Company": "Signature Bank",
            "Ticker": "SBNY",
            "DateOfFirstPurchase": 44232,
            "DateOfLastPurchase": 44244,
            "NumberOfSharesPurchased": 19,
            "TotalPurchasedPrice": 2845.78,
            "AveragePricePerShare": 149.77789473684211,
            "DateOfFirstSell": 45013,
            "DateOfLastSell": 45015,
            "TotalNumberOfSharesSold": 19,
            "PricePerShareLastSell": 0.21,
            "NetNumberOfShares": 0,
            "CurrentPrice_03082023": 0.03937007874015748,
            "TotalDividends_21072023": 58.3,
            "RealizedCapitalGains_21072023": -2839.71,
            "UnrealizedCapitalGain_21072023": 0
        },
        {
            "No": 47,
            "Company": "3M",
            "Ticker": "MMM",
            "DateOfFirstPurchase": 44244,
            "DateOfLastPurchase": 44662,
            "NumberOfSharesPurchased": 20,
            "TotalPurchasedPrice": 2523.62,
            "AveragePricePerShare": 126.181,
            "DateOfFirstSell": 44662,
            "DateOfLastSell": 44662,
            "TotalNumberOfSharesSold": 1,
            "PricePerShareLastSell": 115.41,
            "NetNumberOfShares": 19,
            "CurrentPrice_03082023": 84.4015748031496,
            "TotalDividends_21072023": 163.51,
            "RealizedCapitalGains_21072023": -14.84,
            "UnrealizedCapitalGain_21072023": -789.5400787401577
        },
        {
            "No": 48,
            "Company": "A O Smith",
            "Ticker": "AOS",
            "DateOfFirstPurchase": 44244,
            "DateOfLastPurchase": 44754,
            "NumberOfSharesPurchased": 80,
            "TotalPurchasedPrice": 3543.62,
            "AveragePricePerShare": 44.295249999999996,
            "DateOfFirstSell": 44662,
            "DateOfLastSell": 44662,
            "TotalNumberOfSharesSold": 6,
            "PricePerShareLastSell": 48.02,
            "NetNumberOfShares": 74,
            "CurrentPrice_03082023": 56.92913385826771,
            "TotalDividends_21072023": 115.81,
            "RealizedCapitalGains_21072023": -19.38,
            "UnrealizedCapitalGain_21072023": 976.9759055118109
        },
        {
            "No": 49,
            "Company": "Beyond Meat",
            "Ticker": "BYND",
            "DateOfFirstPurchase": 44244,
            "DateOfLastPurchase": 44244,
            "NumberOfSharesPurchased": 20,
            "TotalPurchasedPrice": 2428.32,
            "AveragePricePerShare": 121.41600000000001,
            "DateOfFirstSell": null,
            "DateOfLastSell": null,
            "TotalNumberOfSharesSold": 0,
            "PricePerShareLastSell": 0,
            "NetNumberOfShares": 20,
            "CurrentPrice_03082023": 12.566929133858268,
            "TotalDividends_21072023": 0,
            "RealizedCapitalGains_21072023": 0,
            "UnrealizedCapitalGain_21072023": -2176.9814173228347
        },
        {
            "No": 50,
            "Company": "Caterpillar",
            "Ticker": "CAT",
            "DateOfFirstPurchase": 44244,
            "DateOfLastPurchase": 44592,
            "NumberOfSharesPurchased": 23,
            "TotalPurchasedPrice": 3355.17,
            "AveragePricePerShare": 145.87695652173915,
            "DateOfFirstSell": null,
            "DateOfLastSell": null,
            "TotalNumberOfSharesSold": 0,
            "PricePerShareLastSell": 0,
            "NetNumberOfShares": 23,
            "CurrentPrice_03082023": 221.61417322834643,
            "TotalDividends_21072023": 152.73999999999998,
            "RealizedCapitalGains_21072023": 0,
            "UnrealizedCapitalGain_21072023": 1741.9559842519677
        },
        {
            "No": 51,
            "Company": "Costco Wholesale",
            "Ticker": "COST",
            "DateOfFirstPurchase": 44244,
            "DateOfLastPurchase": 45113,
            "NumberOfSharesPurchased": 13,
            "TotalPurchasedPrice": 4225.92,
            "AveragePricePerShare": 325.07076923076926,
            "DateOfFirstSell": null,
            "DateOfLastSell": null,
            "TotalNumberOfSharesSold": 0,
            "PricePerShareLastSell": 0,
            "NetNumberOfShares": 13,
            "CurrentPrice_03082023": 439.12598425196853,
            "TotalDividends_21072023": 46.63,
            "RealizedCapitalGains_21072023": 0,
            "UnrealizedCapitalGain_21072023": 1482.7177952755922
        },
        {
            "No": 52,
            "Company": "Cronos",
            "Ticker": "CRON",
            "DateOfFirstPurchase": 44244,
            "DateOfLastPurchase": 44244,
            "NumberOfSharesPurchased": 45,
            "TotalPurchasedPrice": 400.45,
            "AveragePricePerShare": 8.898888888888889,
            "DateOfFirstSell": 44244,
            "DateOfLastSell": 44244,
            "TotalNumberOfSharesSold": 45,
            "PricePerShareLastSell": 8.88,
            "NetNumberOfShares": 0,
            "CurrentPrice_03082023": 1.4724409448818898,
            "TotalDividends_21072023": 0,
            "RealizedCapitalGains_21072023": -0.83,
            "UnrealizedCapitalGain_21072023": 0
        },
        {
            "No": 53,
            "Company": "CVS Health",
            "Ticker": "CVS",
            "DateOfFirstPurchase": 44244,
            "DateOfLastPurchase": 44426,
            "NumberOfSharesPurchased": 34,
            "TotalPurchasedPrice": 1810.83,
            "AveragePricePerShare": 53.25970588235294,
            "DateOfFirstSell": 44299,
            "DateOfLastSell": 44466,
            "TotalNumberOfSharesSold": 34,
            "PricePerShareLastSell": 61.76,
            "NetNumberOfShares": 0,
            "CurrentPrice_03082023": 58.519685039370074,
            "TotalDividends_21072023": 16.18,
            "RealizedCapitalGains_21072023": 257.69,
            "UnrealizedCapitalGain_21072023": 0
        },
        {
            "No": 54,
            "Company": "Extra Space Storage",
            "Ticker": "EXR",
            "DateOfFirstPurchase": 44244,
            "DateOfLastPurchase": 45112,
            "NumberOfSharesPurchased": 29,
            "TotalPurchasedPrice": 3161.35,
            "AveragePricePerShare": 109.01206896551724,
            "DateOfFirstSell": null,
            "DateOfLastSell": null,
            "TotalNumberOfSharesSold": 0,
            "PricePerShareLastSell": 0,
            "NetNumberOfShares": 29,
            "CurrentPrice_03082023": 109.8031496062992,
            "TotalDividends_21072023": 211.57,
            "RealizedCapitalGains_21072023": 0,
            "UnrealizedCapitalGain_21072023": 22.94133858267722
        },
        {
            "No": 55,
            "Company": "Home Depot",
            "Ticker": "HD",
            "DateOfFirstPurchase": 44244,
            "DateOfLastPurchase": 45112,
            "NumberOfSharesPurchased": 21,
            "TotalPurchasedPrice": 4629.15,
            "AveragePricePerShare": 220.43571428571425,
            "DateOfFirstSell": 44662,
            "DateOfLastSell": 44662,
            "TotalNumberOfSharesSold": 1,
            "PricePerShareLastSell": 240.17,
            "NetNumberOfShares": 20,
            "CurrentPrice_03082023": 259.7244094488189,
            "TotalDividends_21072023": 164.45999999999998,
            "RealizedCapitalGains_21072023": -32.23,
            "UnrealizedCapitalGain_21072023": 838.1381889763786
        },
        {
            "No": 56,
            "Company": "Intercontinental Exchange",
            "Ticker": "ICE",
            "DateOfFirstPurchase": 44244,
            "DateOfLastPurchase": 44511,
            "NumberOfSharesPurchased": 26,
            "TotalPurchasedPrice": 2164.33,
            "AveragePricePerShare": 83.24346153846153,
            "DateOfFirstSell": 44306,
            "DateOfLastSell": 44306,
            "TotalNumberOfSharesSold": 3,
            "PricePerShareLastSell": 85.99,
            "NetNumberOfShares": 23,
            "CurrentPrice_03082023": 88.24409448818896,
            "TotalDividends_21072023": 53.86999999999999,
            "RealizedCapitalGains_21072023": 13.19,
            "UnrealizedCapitalGain_21072023": 110.07417322834604
        },
        {
            "No": 57,
            "Company": "New York Mortgage Trust",
            "Ticker": "NYMT",
            "DateOfFirstPurchase": 44244,
            "DateOfLastPurchase": 45026,
            "NumberOfSharesPurchased": 487,
            "TotalPurchasedPrice": 5044.69,
            "AveragePricePerShare": 10.35870636550308,
            "DateOfFirstSell": 44662,
            "DateOfLastSell": 45112,
            "TotalNumberOfSharesSold": 487,
            "PricePerShareLastSell": 7.77,
            "NetNumberOfShares": 0,
            "CurrentPrice_03082023": 7.141732283464567,
            "TotalDividends_21072023": 493.35999999999996,
            "RealizedCapitalGains_21072023": -992.1200000000001,
            "UnrealizedCapitalGain_21072023": 0
        },
        {
            "No": 58,
            "Company": "Omega Healthcare Investors",
            "Ticker": "OHI",
            "DateOfFirstPurchase": 44244,
            "DateOfLastPurchase": 45119,
            "NumberOfSharesPurchased": 281,
            "TotalPurchasedPrice": 6823.9,
            "AveragePricePerShare": 24.284341637010677,
            "DateOfFirstSell": 44662,
            "DateOfLastSell": 45026,
            "TotalNumberOfSharesSold": 92,
            "PricePerShareLastSell": 22.13,
            "NetNumberOfShares": 189,
            "CurrentPrice_03082023": 24.669291338582674,
            "TotalDividends_21072023": 367.0400000000001,
            "RealizedCapitalGains_21072023": -319.38,
            "UnrealizedCapitalGain_21072023": 196.49606299212493
        },
        {
            "No": 59,
            "Company": "Public Storage",
            "Ticker": "PSA",
            "DateOfFirstPurchase": 44244,
            "DateOfLastPurchase": 44699,
            "NumberOfSharesPurchased": 13,
            "TotalPurchasedPrice": 2627.74,
            "AveragePricePerShare": 202.13384615384615,
            "DateOfFirstSell": null,
            "DateOfLastSell": null,
            "TotalNumberOfSharesSold": 0,
            "PricePerShareLastSell": 0,
            "NetNumberOfShares": 13,
            "CurrentPrice_03082023": 225.96850393700788,
            "TotalDividends_21072023": 284.2299999999999,
            "RealizedCapitalGains_21072023": 0,
            "UnrealizedCapitalGain_21072023": 309.85055118110245
        },
        {
            "No": 60,
            "Company": "Rithm Capital",
            "Ticker": "RITM",
            "DateOfFirstPurchase": 44244,
            "DateOfLastPurchase": 45026,
            "NumberOfSharesPurchased": 644,
            "TotalPurchasedPrice": 4756.88,
            "AveragePricePerShare": 7.3864596273291925,
            "DateOfFirstSell": 44662,
            "DateOfLastSell": 45112,
            "TotalNumberOfSharesSold": 644,
            "PricePerShareLastSell": 7.28,
            "NetNumberOfShares": 0,
            "CurrentPrice_03082023": 7.889763779527558,
            "TotalDividends_21072023": 455.5300000000001,
            "RealizedCapitalGains_21072023": -83.14,
            "UnrealizedCapitalGain_21072023": 0
        },
        {
            "No": 61,
            "Company": "Seagate Technology",
            "Ticker": "STX",
            "DateOfFirstPurchase": 44244,
            "DateOfLastPurchase": 44894,
            "NumberOfSharesPurchased": 35,
            "TotalPurchasedPrice": 1855.1,
            "AveragePricePerShare": 53.00285714285714,
            "DateOfFirstSell": null,
            "DateOfLastSell": null,
            "TotalNumberOfSharesSold": 0,
            "PricePerShareLastSell": 0,
            "NetNumberOfShares": 35,
            "CurrentPrice_03082023": 53.76377952755905,
            "TotalDividends_21072023": 130.06,
            "RealizedCapitalGains_21072023": 0,
            "UnrealizedCapitalGain_21072023": 26.63228346456681
        },
        {
            "No": 62,
            "Company": "Slack",
            "Ticker": "WORK",
            "DateOfFirstPurchase": 44244,
            "DateOfLastPurchase": 44244,
            "NumberOfSharesPurchased": 15,
            "TotalPurchasedPrice": 468.25,
            "AveragePricePerShare": 31.216666666666665,
            "DateOfFirstSell": 44245,
            "DateOfLastSell": 44245,
            "TotalNumberOfSharesSold": 15,
            "PricePerShareLastSell": 30.93,
            "NetNumberOfShares": 0,
            "CurrentPrice_03082023": 33.17187729340966,
            "TotalDividends_21072023": 0,
            "RealizedCapitalGains_21072023": -4.31,
            "UnrealizedCapitalGain_21072023": 0
        },
        {
            "No": 63,
            "Company": "Target",
            "Ticker": "TGT",
            "DateOfFirstPurchase": 44244,
            "DateOfLastPurchase": 44699,
            "NumberOfSharesPurchased": 27,
            "TotalPurchasedPrice": 3690.05,
            "AveragePricePerShare": 136.66851851851854,
            "DateOfFirstSell": null,
            "DateOfLastSell": null,
            "TotalNumberOfSharesSold": 0,
            "PricePerShareLastSell": 0,
            "NetNumberOfShares": 27,
            "CurrentPrice_03082023": 104.51181102362204,
            "TotalDividends_21072023": 142.15,
            "RealizedCapitalGains_21072023": 0,
            "UnrealizedCapitalGain_21072023": -868.2311023622048
        },
        {
            "No": 64,
            "Company": "Uber Technologies",
            "Ticker": "UBER",
            "DateOfFirstPurchase": 44244,
            "DateOfLastPurchase": 44244,
            "NumberOfSharesPurchased": 27,
            "TotalPurchasedPrice": 1165.62,
            "AveragePricePerShare": 43.17111111111111,
            "DateOfFirstSell": 44246,
            "DateOfLastSell": 44246,
            "TotalNumberOfSharesSold": 27,
            "PricePerShareLastSell": 41.63,
            "NetNumberOfShares": 0,
            "CurrentPrice_03082023": 36.14960629921259,
            "TotalDividends_21072023": 0,
            "RealizedCapitalGains_21072023": -41.52,
            "UnrealizedCapitalGain_21072023": 0
        },
        {
            "No": 65,
            "Company": "Union Pacific",
            "Ticker": "UNP",
            "DateOfFirstPurchase": 44244,
            "DateOfLastPurchase": 45112,
            "NumberOfSharesPurchased": 21,
            "TotalPurchasedPrice": 3405.68,
            "AveragePricePerShare": 162.1752380952381,
            "DateOfFirstSell": 44662,
            "DateOfLastSell": 44662,
            "TotalNumberOfSharesSold": 4,
            "PricePerShareLastSell": 184.38,
            "NetNumberOfShares": 17,
            "CurrentPrice_03082023": 181.01574803149606,
            "TotalDividends_21072023": 97.95999999999998,
            "RealizedCapitalGains_21072023": 89.11,
            "UnrealizedCapitalGain_21072023": 321.04771653543315
        },
        {
            "No": 66,
            "Company": "Walt Disney",
            "Ticker": "DIS",
            "DateOfFirstPurchase": 44244,
            "DateOfLastPurchase": 44244,
            "NumberOfSharesPurchased": 23,
            "TotalPurchasedPrice": 3057.92,
            "AveragePricePerShare": 132.95304347826087,
            "DateOfFirstSell": 45019,
            "DateOfLastSell": 45019,
            "TotalNumberOfSharesSold": 23,
            "PricePerShareLastSell": 80.72,
            "NetNumberOfShares": 0,
            "CurrentPrice_03082023": 67.31496062992126,
            "TotalDividends_21072023": 0,
            "RealizedCapitalGains_21072023": -1201.33,
            "UnrealizedCapitalGain_21072023": 0
        },
        {
            "No": 67,
            "Company": "Service Corp International",
            "Ticker": "SCI",
            "DateOfFirstPurchase": 44246,
            "DateOfLastPurchase": 44662,
            "NumberOfSharesPurchased": 52,
            "TotalPurchasedPrice": 1927.73,
            "AveragePricePerShare": 37.07173076923077,
            "DateOfFirstSell": 44294,
            "DateOfLastSell": 44294,
            "TotalNumberOfSharesSold": 1,
            "PricePerShareLastSell": 37.19,
            "NetNumberOfShares": 51,
            "CurrentPrice_03082023": 50.92125984251969,
            "TotalDividends_21072023": 79.69,
            "RealizedCapitalGains_21072023": -0.23,
            "UnrealizedCapitalGain_21072023": 706.6742519685035
        },
        {
            "No": 68,
            "Company": "Horizon Technology Finance",
            "Ticker": "HRZN",
            "DateOfFirstPurchase": 44371,
            "DateOfLastPurchase": 45124,
            "NumberOfSharesPurchased": 805,
            "TotalPurchasedPrice": 8578.94,
            "AveragePricePerShare": 10.657068322981367,
            "DateOfFirstSell": 44662,
            "DateOfLastSell": 45026,
            "TotalNumberOfSharesSold": 349,
            "PricePerShareLastSell": 9.11,
            "NetNumberOfShares": 456,
            "CurrentPrice_03082023": 10.385826771653543,
            "TotalDividends_21072023": 503.78000000000003,
            "RealizedCapitalGains_21072023": -379.07,
            "UnrealizedCapitalGain_21072023": 102.35700787401582
        },
        {
            "No": 69,
            "Company": "Salesforce",
            "Ticker": "CRM",
            "DateOfFirstPurchase": 44438,
            "DateOfLastPurchase": 44439,
            "NumberOfSharesPurchased": 8,
            "TotalPurchasedPrice": 1548.56,
            "AveragePricePerShare": 193.57,
            "DateOfFirstSell": null,
            "DateOfLastSell": null,
            "TotalNumberOfSharesSold": 0,
            "PricePerShareLastSell": 0,
            "NetNumberOfShares": 8,
            "CurrentPrice_03082023": 169.73228346456693,
            "TotalDividends_21072023": 0,
            "RealizedCapitalGains_21072023": 0,
            "UnrealizedCapitalGain_21072023": -190.70173228346448
        },
        {
            "No": 70,
            "Company": "Orion Office REIT",
            "Ticker": "ONL",
            "DateOfFirstPurchase": 44515,
            "DateOfLastPurchase": 44515,
            "NumberOfSharesPurchased": 6.5,
            "TotalPurchasedPrice": 0,
            "AveragePricePerShare": 0,
            "DateOfFirstSell": 44664,
            "DateOfLastSell": 44677,
            "TotalNumberOfSharesSold": 6.5,
            "PricePerShareLastSell": 10.57,
            "NetNumberOfShares": 0,
            "CurrentPrice_03082023": 4.845433807913159,
            "TotalDividends_21072023": 0.42000000000000004,
            "RealizedCapitalGains_21072023": 68.35,
            "UnrealizedCapitalGain_21072023": 0
        },
        {
            "No": 71,
            "Company": "Clearway Energy",
            "Ticker": "CWEN/A",
            "DateOfFirstPurchase": 44557,
            "DateOfLastPurchase": 45110,
            "NumberOfSharesPurchased": 55,
            "TotalPurchasedPrice": 1321.04,
            "AveragePricePerShare": 24.01890909090909,
            "DateOfFirstSell": null,
            "DateOfLastSell": null,
            "TotalNumberOfSharesSold": 0,
            "PricePerShareLastSell": 0,
            "NetNumberOfShares": 55,
            "CurrentPrice_03082023": 18.20472440944882,
            "TotalDividends_21072023": 23.54,
            "RealizedCapitalGains_21072023": 0,
            "UnrealizedCapitalGain_21072023": -319.78015748031515
        },
        {
            "No": 72,
            "Company": "M&T Bank",
            "Ticker": "MTB",
            "DateOfFirstPurchase": 44653,
            "DateOfLastPurchase": 44653,
            "NumberOfSharesPurchased": 21.36,
            "TotalPurchasedPrice": 0,
            "AveragePricePerShare": 0,
            "DateOfFirstSell": 44662,
            "DateOfLastSell": 45044,
            "TotalNumberOfSharesSold": 21.36,
            "PricePerShareLastSell": 99.46,
            "NetNumberOfShares": 0,
            "CurrentPrice_03082023": 109.95044442696452,
            "TotalDividends_21072023": 52.35,
            "RealizedCapitalGains_21072023": 2286.94,
            "UnrealizedCapitalGain_21072023": 0
        },
        {
            "No": 73,
            "Company": "Warner Bros Discovery",
            "Ticker": "WBD",
            "DateOfFirstPurchase": 44659,
            "DateOfLastPurchase": 44659,
            "NumberOfSharesPurchased": 18.87,
            "TotalPurchasedPrice": 0,
            "AveragePricePerShare": 0,
            "DateOfFirstSell": 44664,
            "DateOfLastSell": 44664,
            "TotalNumberOfSharesSold": 18.87,
            "PricePerShareLastSell": 20.62,
            "NetNumberOfShares": 0,
            "CurrentPrice_03082023": 10.139227562337764,
            "TotalDividends_21072023": 0,
            "RealizedCapitalGains_21072023": 389,
            "UnrealizedCapitalGain_21072023": 0
        },
        {
            "No": 74,
            "Company": "JPMorgan Chase & Co",
            "Ticker": "JPM",
            "DateOfFirstPurchase": 44662,
            "DateOfLastPurchase": 44741,
            "NumberOfSharesPurchased": 22,
            "TotalPurchasedPrice": 2181.68,
            "AveragePricePerShare": 99.16727272727272,
            "DateOfFirstSell": null,
            "DateOfLastSell": null,
            "TotalNumberOfSharesSold": 0,
            "PricePerShareLastSell": 0,
            "NetNumberOfShares": 22,
            "CurrentPrice_03082023": 123.11023622047243,
            "TotalDividends_21072023": 61.69999999999999,
            "RealizedCapitalGains_21072023": 0,
            "UnrealizedCapitalGain_21072023": 526.7451968503934
        },
        {
            "No": 75,
            "Company": "VICI Properties",
            "Ticker": "VICI",
            "DateOfFirstPurchase": 44900,
            "DateOfLastPurchase": 45113,
            "NumberOfSharesPurchased": 335,
            "TotalPurchasedPrice": 8922.21,
            "AveragePricePerShare": 26.63346268656716,
            "DateOfFirstSell": 45026,
            "DateOfLastSell": 45026,
            "TotalNumberOfSharesSold": 125,
            "PricePerShareLastSell": 26.18,
            "NetNumberOfShares": 210,
            "CurrentPrice_03082023": 24.47244094488189,
            "TotalDividends_21072023": 105.23,
            "RealizedCapitalGains_21072023": -151.84,
            "UnrealizedCapitalGain_21072023": -353.42740157480284
        },
        {
            "No": 76,
            "Company": "Global Medical REIT",
            "Ticker": "GMRE",
            "DateOfFirstPurchase": 45026,
            "DateOfLastPurchase": 45118,
            "NumberOfSharesPurchased": 641.09,
            "TotalPurchasedPrice": 4677.16,
            "AveragePricePerShare": 7.295637118033349,
            "DateOfFirstSell": null,
            "DateOfLastSell": null,
            "TotalNumberOfSharesSold": 0,
            "PricePerShareLastSell": 0,
            "NetNumberOfShares": 641.09,
            "CurrentPrice_03082023": 8,
            "TotalDividends_21072023": 74.50999999999999,
            "RealizedCapitalGains_21072023": 0,
            "UnrealizedCapitalGain_21072023": 451.56000000000074
        }
    ]
}